Nickname,Giftcode
lendoi9797,1200TA88BI3P
tungdaigiahaha,1200TA8HZG9Z
ABC1479,1200TA89M0VV
vinhvu2121,1200TA83MM5A
hailuakyanh,1200TA8Y6FJY
NHL9999,1200TA8QKA1V
3chim7noi,1200TA86R64C
KeoHaiHa95,1200TA8HZH6N
KingBlack,1200TA8WIFM7
vuuacobac,1200TA8G38UV
hauhuyen911,1200TA8JHNQA
Jupiter6886,1200TA8XCGPM
telaodai,1200TA8Q6MMI
kiemtienonline66,1200TA8M4OOG
tranhieu90,1200TA849GD4
gje6tw4,1200TA8LI5YJ
MonMonDangYeu,1200TA8XKABH
CungNhauDiTron,1200TA8S2H9Y
giapty84,1200TA8P981T
cutihamvui,1200TA808HRX
ngoctienvin,1200TA8IN1DV
soigia36,1200TA8ASTEX
bahaihdd,1200TA8AOTVE
ngopikachu,1200TA8B58JH
DUYPETROLIMEX01,1200TA8T2ERB
NSUTDoanBeng,1200TA86O5FJ
amnghiadan2,1200TA8Z5BNE
Hieuks12345,1200TA8E0F1E
kem0009,1200TA8BPYC3
choivinchovui,1200TA8L5QHU
hieuhaox2,1200TA8EKMA5
family2806,1200TA8AM2JX
huutai193,1200TA8B3KYC
HungDoiThay,1200TA8ZNU9U
thanglon11,1200TA838IZ7
ngocvan113,1200TA8V5JGN
daikavinnn,1200TA844CA6
Bean_Bean,1200TA8XS01M
KIENSICBO,1200TA8JEGB1
Xeko79,1200TA89OFHD
kenybank6666,1200TA8LIEKB
Trasua11k,1200TA8LP9K9
stevenluu,1200TA8OL23H
Namk6789,1200TA8901ZA
thongocthongay,1200TA85RY32
oishivip,1200TA8UJGTU
HungLanhLung,1200TA8DP8JY
huantham123,1200TA8V34IS
Daicadatcang,1200TA8PVYZD
Picman8686,1200TA8XFB3A
TuongBanHy,1200TA8M24JS
thanhlich2011,1200TA89SG9Q
046800,1200TA8MK7AT
thuyhang,1200TA8ANNHE
quocdung6688,1200TA8O1KEE
tham79,1200TA8PA09M
vocute,1200TA87257J
minhcanh999,1200TA819TXY
Katarina01,1200TA84FAG5
quanglienhuy,1200TA80YXYT
luctieudieu,1200TA86PJS1
ConNhaNhgeo,1200TA84K2JJ
sonavengers,1200TA8FN52J
maymanlen,1200TA8TILWW
doidoden999,1200TA8RKN99
colenmeo57,1200TA8ALERS
cubi2012,1200TA8HNF7Y
angelhell,1200TA8YEHW7
Tom_Jenny,1200TA8XFV52
doccosau1,1200TA88KIYC
mix686,1200TA80H2UF
radaobatlua,1200TA8WW79A
caitenquenthuoc,1200TA884VUK
oktuday,1200TA8KJ1LL
talatatalata,1200TA80SP4S
YugiS2No1,1200TA8FHPAO
touyenmayman,1200TA8C51ZB
sonmark,1200TA8FKIME
bibibi07,1200TA8II4OR
o1677619249,1200TA8Z017E
Anhsimso,1200TA839WVL
Anhkha77,1200TA8QSRTM
NgHaiPhong,1200TA8B4C3I
khang7774,1200TA82QDS8
Dung_hong,1200TA8O6IVW
vutuan98,1200TA8HSIRW
mothaiba,1200TA810XTQ
daongochung,1200TA84WAYH
abes2017,1200TA8N3AMD
trai_dat_mo,1200TA8IAFIB
xichbichnamdo,1200TA8A4WQJ
dungpro6789,1200TA88CBHM
phuongyen999,1200TA87PIGB
daongochung1,1200TA8NPFX6
Petrolimex,1200TA8L8J83
svietmai123,1200TA8AMEIW
bibibi08,1200TA8DQV24
toantk88,1200TA8TPCBH
BaoKaKa,1200TA8N57IG
ATM7cnc,1200TA80SKGR
matocdo,1200TA82QUHZ
virusvemplay,1200TA83WD3I
